{
 "pid" : 6280,
 "is_64_bit" : 1,
 "is_managed" : 0,
 "main_image_path" : "C:\\Windows\\System32\\ApplicationFrameHost.exe",
 "used_reflection" : 1,
 "scanned" : 
 {
  "total" : 65,
  "skipped" : 0,
  "modified" : 
  {
   "total" : 10,
   "patched" : 0,
   "iat_hooked" : 0,
   "replaced" : 0,
   "hdr_modified" : 0,
   "implanted_pe" : 0,
   "implanted_shc" : 10,
   "unreachable_file" : 0,
   "other" : 0
  },
  "errors" : 0
 },
 "scans" : [
  {
   "workingset_scan" : {
    "module" : "7df4d79b1000",
    "module_size" : "1000",
    "status" : 1,
    "has_pe" : 0,
    "has_shellcode" : 1,
    "is_listed_module" : 0,
    "protection" : "20",
    "mapping_type" : "MEM_PRIVATE"
   }
  },
  {
   "workingset_scan" : {
    "module" : "7df4d79c1000",
    "module_size" : "1000",
    "status" : 1,
    "has_pe" : 0,
    "has_shellcode" : 1,
    "is_listed_module" : 0,
    "protection" : "20",
    "mapping_type" : "MEM_PRIVATE"
   }
  },
  {
   "workingset_scan" : {
    "module" : "7df4d79d1000",
    "module_size" : "1000",
    "status" : 1,
    "has_pe" : 0,
    "has_shellcode" : 1,
    "is_listed_module" : 0,
    "protection" : "20",
    "mapping_type" : "MEM_PRIVATE"
   }
  },
  {
   "workingset_scan" : {
    "module" : "7df4d79e1000",
    "module_size" : "1000",
    "status" : 1,
    "has_pe" : 0,
    "has_shellcode" : 1,
    "is_listed_module" : 0,
    "protection" : "20",
    "mapping_type" : "MEM_PRIVATE"
   }
  },
  {
   "workingset_scan" : {
    "module" : "7df4d79f1000",
    "module_size" : "1000",
    "status" : 1,
    "has_pe" : 0,
    "has_shellcode" : 1,
    "is_listed_module" : 0,
    "protection" : "20",
    "mapping_type" : "MEM_PRIVATE"
   }
  },
  {
   "workingset_scan" : {
    "module" : "7df4d7a51000",
    "module_size" : "1000",
    "status" : 1,
    "has_pe" : 0,
    "has_shellcode" : 1,
    "is_listed_module" : 0,
    "protection" : "20",
    "mapping_type" : "MEM_PRIVATE"
   }
  },
  {
   "workingset_scan" : {
    "module" : "7df4d7a61000",
    "module_size" : "1000",
    "status" : 1,
    "has_pe" : 0,
    "has_shellcode" : 1,
    "is_listed_module" : 0,
    "protection" : "20",
    "mapping_type" : "MEM_PRIVATE"
   }
  },
  {
   "workingset_scan" : {
    "module" : "7df4d7a71000",
    "module_size" : "1000",
    "status" : 1,
    "has_pe" : 0,
    "has_shellcode" : 1,
    "is_listed_module" : 0,
    "protection" : "20",
    "mapping_type" : "MEM_PRIVATE"
   }
  },
  {
   "workingset_scan" : {
    "module" : "7df4d7a81000",
    "module_size" : "1000",
    "status" : 1,
    "has_pe" : 0,
    "has_shellcode" : 1,
    "is_listed_module" : 0,
    "protection" : "20",
    "mapping_type" : "MEM_PRIVATE"
   }
  },
  {
   "workingset_scan" : {
    "module" : "7df4d7a91000",
    "module_size" : "1000",
    "status" : 1,
    "has_pe" : 0,
    "has_shellcode" : 1,
    "is_listed_module" : 0,
    "protection" : "20",
    "mapping_type" : "MEM_PRIVATE"
   }
  }
 ]
}
