{
 "pid" : 8260,
 "is_64_bit" : 1,
 "is_managed" : 0,
 "main_image_path" : "C:\\Users\\IEUser\\Documents\\Unmonitored\\notepad.exe",
 "used_reflection" : 1,
 "scanned" : 
 {
  "total" : 8,
  "skipped" : 0,
  "modified" : 
  {
   "total" : 2,
   "patched" : 0,
   "iat_hooked" : 0,
   "replaced" : 1,
   "hdr_modified" : 0,
   "implanted_pe" : 0,
   "implanted_shc" : 1,
   "unreachable_file" : 0,
   "other" : 0
  },
  "errors" : 0
 },
 "scans" : [
  {
   "headers_scan" : {
    "module" : "140000000",
    "module_size" : "4248",
    "module_file" : "C:\\Users\\IEUser\\Documents\\Unmonitored\\notepad.exe",
    "status" : 1,
    "is_connected_to_peb" : 1,
    "is_pe_replaced" : 1,
    "dos_hdr_modified" : 1,
    "file_hdr_modified" : 1,
    "nt_hdr_modified" : 1,
    "ep_modified" : 1,
    "sec_hdr_modified" : 1
   }
  },
  {
   "workingset_scan" : {
    "module" : "140004000",
    "module_size" : "1000",
    "status" : 1,
    "has_pe" : 0,
    "has_shellcode" : 1,
    "is_listed_module" : 0,
    "protection" : "80",
    "mapping_type" : "MEM_IMAGE",
    "mapped_name" : "C:\\Users\\IEUser\\Documents\\Unmonitored\\notepad.exe"
   }
  }
 ]
}
