{
 "pid" : 8848,
 "is_64_bit" : 0,
 "is_managed" : 0,
 "main_image_path" : "C:\\Windows\\SysWOW64\\svchost.exe",
 "used_reflection" : 1,
 "scanned" : 
 {
  "total" : 18,
  "skipped" : 0,
  "modified" : 
  {
   "total" : 5,
   "patched" : 0,
   "iat_hooked" : 0,
   "replaced" : 1,
   "hdr_modified" : 0,
   "implanted_pe" : 1,
   "implanted_shc" : 2,
   "unreachable_file" : 0,
   "other" : 1
  },
  "errors" : 0
 },
 "scans" : [
  {
   "mapping_scan" : {
    "module" : "950000",
    "module_file" : "C:\\Windows\\SysWOW64\\svchost.exe",
    "mapped_file" : "",
    "status" : 1
   }
  },
  {
   "headers_scan" : {
    "module" : "950000",
    "module_size" : "16000",
    "module_file" : "C:\\Windows\\SysWOW64\\svchost.exe",
    "status" : 1,
    "is_connected_to_peb" : 1,
    "is_pe_replaced" : 1,
    "dos_hdr_modified" : 1,
    "file_hdr_modified" : 1,
    "nt_hdr_modified" : 1,
    "ep_modified" : 1,
    "sec_hdr_modified" : 1
   }
  },
  {
   "workingset_scan" : {
    "module" : "950000",
    "module_size" : "16000",
    "status" : 1,
    "has_pe" : 1,
    "has_shellcode" : 0,
    "is_listed_module" : 1,
    "protection" : "40",
    "mapping_type" : "MEM_PRIVATE",
    "pe_artefacts" : {
     "pe_base_offset" : "0",
     "nt_file_hdr" : "ec",
     "sections_hdrs" : "1e0",
     "sections_count" : 4,
     "is_dll" : 0,
     "is_64_bit" : 0
    }
   }
  },
  {
   "workingset_scan" : {
    "module" : "2c00000",
    "module_size" : "1000",
    "status" : 1,
    "has_pe" : 0,
    "has_shellcode" : 1,
    "is_listed_module" : 0,
    "protection" : "40",
    "mapping_type" : "MEM_PRIVATE"
   }
  },
  {
   "thread_scan" : {
    "module" : "2c00000",
    "module_size" : "1000",
    "status" : 1,
    "thread_id" : 6056,
    "thread_ip" : "2c00144",
    "thread_state" : 5,
    "thread_wait_reason" : 6,
    "protection" : "40"
   }
  }
 ]
}
