{
 "pid" : 668,
 "is_64_bit" : 1,
 "is_managed" : 0,
 "main_image_path" : "C:\\Users\\IEUser\\Documents\\Unmonitored\\IAT\\IAT-Hooking-IRED.exe",
 "used_reflection" : 1,
 "scanned" : 
 {
  "total" : 36,
  "skipped" : 0,
  "modified" : 
  {
   "total" : 1,
   "patched" : 0,
   "iat_hooked" : 1,
   "replaced" : 0,
   "hdr_modified" : 0,
   "implanted_pe" : 0,
   "implanted_shc" : 0,
   "unreachable_file" : 0,
   "other" : 0
  },
  "errors" : 0
 },
 "scans" : [
  {
   "iat_scan" : {
    "module" : "7ff725540000",
    "module_size" : "9000",
    "module_file" : "C:\\Users\\IEUser\\Documents\\Unmonitored\\IAT\\IAT-Hooking-IRED.exe",
    "status" : 1,
    "hooks" : 1
   }
  }
 ]
}
