{
 "pid" : 6080,
 "is_64_bit" : 1,
 "is_managed" : 0,
 "main_image_path" : "C:\\Windows\\System32\\conhost.exe",
 "used_reflection" : 1,
 "scanned" : 
 {
  "total" : 44,
  "skipped" : 0,
  "modified" : 
  {
   "total" : 2,
   "patched" : 0,
   "iat_hooked" : 0,
   "replaced" : 0,
   "hdr_modified" : 0,
   "implanted_pe" : 0,
   "implanted_shc" : 2,
   "unreachable_file" : 0,
   "other" : 0
  },
  "errors" : 0
 },
 "scans" : [
  {
   "workingset_scan" : {
    "module" : "1a5cc0a0000",
    "module_size" : "1000",
    "status" : 1,
    "has_pe" : 0,
    "has_shellcode" : 1,
    "is_listed_module" : 0,
    "protection" : "40",
    "mapping_type" : "MEM_PRIVATE"
   }
  },
  {
   "thread_scan" : {
    "module" : "1a5cc0a0000",
    "module_size" : "1000",
    "status" : 1,
    "thread_id" : 8856,
    "thread_ip" : "1a5cc0a01a5",
    "thread_state" : 5,
    "thread_wait_reason" : 6,
    "protection" : "40"
   }
  }
 ]
}
